-1.007983803274023769e-04,-9.963539147899905636e-05,-9.986553061228722894e-05,-9.877938320561412925e-05,-1.011246958015787916e-04,9.001561166483158360e-04,-1.002751841186756395e-04,-9.992684294497549064e-05,-9.997843727729493709e-05,-9.977226968170637529e-05
-4.994579518812690367e-05,-4.936953193249457399e-05,-4.948356632446615044e-05,-4.894537815393586519e-05,-5.010748514566128783e-05,4.460291211855402487e-04,-4.968655044043329656e-05,-4.951394670557980664e-05,-4.953951179844844424e-05,-4.943735535042823568e-05
-5.066551326612643590e-05,-5.008094606656957569e-05,-5.019662369223191909e-05,-4.965068023911977350e-05,-5.082953317325829431e-05,4.524563934081206481e-04,-5.040253280593245380e-05,-5.022744185413188133e-05,-5.025337533956336612e-05,-5.014974681882707991e-05
-5.065353718837749828e-05,-5.006910816609067905e-05,-5.018475844841502689e-05,-4.963894404287170906e-05,-5.081751832524817849e-05,4.523494438757975022e-04,-5.039061889027898099e-05,-5.021556932566152465e-05,-5.024149668105658278e-05,-5.013789265554702572e-05
-5.035150832302940011e-05,-4.977056404128366317e-05,-4.988552474247491666e-05,-4.934296483236963454e-05,-5.051451169922454838e-05,4.496522464647439423e-04,-5.009015771239581954e-05,-4.991615190551669035e-05,-4.994192466539540127e-05,-4.983893839351228179e-05
-5.006448322501300309e-05,-4.948685057374386414e-05,-4.960115594984863780e-05,-4.906168886291095802e-05,-5.022655741235929489e-05,4.470890366524093670e-04,-4.980462242446008969e-05,-4.963160852498288531e-05,-4.965723436912499410e-05,-4.955483516296805250e-05
-5.016248443950398585e-05,-4.958372107244265044e-05,-4.969825020129685957e-05,-4.915772710765121213e-05,-5.032487588703765083e-05,4.479642133401863600e-04,-4.990211496148914445e-05,-4.972876238734046897e-05,-4.975443839406703183e-05,-4.965183874148580663e-05
-5.048659421670113721e-05,-4.990409134454895824e-05,-5.001936046885688839e-05,-4.947534494812366387e-05,-5.065003490763776592e-05,4.508585991166707153e-04,-5.022454243976424087e-05,-5.005006980019602222e-05,-5.007591170470280563e-05,-4.997264913538396338e-05
-5.040958346898769535e-05,-4.982796912937511425e-05,-4.994306242559247921e-05,-4.939987672993880309e-05,-5.057277485236012066e-05,4.501708728322453986e-04,-5.014793141802984774e-05,-4.997372491383183363e-05,-4.999952739986681413e-05,-4.989642234419700744e-05
-4.983666912464783567e-05,-4.926166494078968030e-05,-4.937545018016857508e-05,-4.883843789154299487e-05,-4.999800580742500060e-05,4.450545966627314953e-04,-4.957799079818834306e-05,-4.940576418349398950e-05,-4.943127341944911798e-05,-4.932934017202166975e-05
-5.061633527038033773e-05,-5.003233547538432722e-05,-5.014790081966578173e-05,-4.960248728134440845e-05,-5.078019597315819116e-05,4.520172209381183108e-04,-5.035361006965462873e-05,-5.017868906821167617e-05,-5.020459738155356918e-05,-5.010106944684972647e-05
-5.028037121097154777e-05,-4.970024769308197573e-05,-4.981504597665180356e-05,-4.927325260058097620e-05,-5.044314429437649414e-05,4.490169732955368834e-04,-5.001938983907861750e-05,-4.984562986933317188e-05,-4.987136621720053049e-05,-4.976852544534608275e-05
-5.034324035656718478e-05,-4.976239146873557672e-05,-4.987733329281312475e-05,-4.933486247371910365e-05,-5.050621696680467803e-05,4.495784113439778252e-04,-5.008193266099185035e-05,-4.990795542672378163e-05,-4.993372395458829871e-05,-4.983075459355858667e-05
-5.059508579165618129e-05,-5.001133116832473681e-05,-5.012684799658261562e-05,-4.958166343085030725e-05,-5.075887770331184918e-05,4.518274574897246203e-04,-5.033247088681642214e-05,-5.015762331977097557e-05,-5.018352075642359630e-05,-5.008003628426254279e-05
-5.034075911696030706e-05,-4.975993885711079789e-05,-4.987487501611339652e-05,-4.933243093348250975e-05,-5.050372769465855338e-05,4.495562532200097290e-04,-5.007946430031475426e-05,-4.990549564076764946e-05,-4.993126289859281536e-05,-4.982829861255778128e-05
-5.025652785724746280e-05,-4.967667943856672526e-05,-4.979142328387295695e-05,-4.924988683055133874e-05,-5.041922375235528689e-05,4.488040458594191482e-04,-4.999567024480699350e-05,-4.982199267342797783e-05,-4.984771681691348318e-05,-4.974492481297499694e-05
-5.058424108339619561e-05,-5.000061158384364279e-05,-5.011610365186578976e-05,-4.957103594268653414e-05,-5.074799788738487970e-05,4.517306113852417632e-04,-5.032168246825071670e-05,-5.014687237857580839e-05,-5.017276426429142686e-05,-5.006930197331352632e-05
-5.048307498386483158e-05,-4.990061271582226578e-05,-5.001587380514808565e-05,-4.947189620571432352e-05,-5.064650428195851953e-05,4.508271714394354547e-04,-5.022104147358305760e-05,-5.004658099585389323e-05,-5.007242109901759180e-05,-4.996916572774855007e-05
-5.008261744136993632e-05,-4.950477556161933323e-05,-4.961912234109734979e-05,-4.907945984990215053e-05,-5.024475033477457359e-05,4.472509799863437041e-04,-4.982266251476548575e-05,-4.964958594667809164e-05,-4.967522107294169927e-05,-4.957278477603106471e-05
-5.034631029342566730e-05,-4.976542598536426074e-05,-4.988037481860703643e-05,-4.933787091958201577e-05,-5.050929684199495463e-05,4.496058266896775990e-04,-5.008498666327801347e-05,-4.991099881985882746e-05,-4.993676891909104820e-05,-4.983379327897823416e-05
-5.019635637058405560e-05,-4.961720219686433680e-05,-4.973180866085875006e-05,-4.919092058208096509e-05,-5.035885747201528198e-05,4.482666986165830480e-04,-4.993581107956611507e-05,-4.976234145008173255e-05,-4.978803479438520584e-05,-4.968536586197450810e-05
-5.059612750442485965e-05,-5.001236086204576567e-05,-5.012788006870409280e-05,-4.958268427805126877e-05,-5.075992278842692245e-05,4.518367602594334804e-04,-5.033350719255117616e-05,-5.015865602553211855e-05,-5.018455399539254201e-05,-5.008106739256776714e-05
-5.027658432971845260e-05,-4.969650450399934054e-05,-4.981129414150323593e-05,-4.926954157075726657e-05,-5.043934515382161670e-05,4.489831554473330323e-04,-5.001562261371297468e-05,-4.984187573074989213e-05,-4.986761014027676464e-05,-4.976477711390479494e-05
-5.071501470798549900e-05,-5.012987637201549173e-05,-5.024566701753979122e-05,-4.969919016435698502e-05,-5.087919486656756254e-05,4.528984543371817272e-04,-5.045177730946709302e-05,-5.027651528953567503e-05,-5.030247411261499932e-05,-5.019874434428617526e-05
-5.050479115203039299e-05,-4.992207832777238307e-05,-5.003738899864865680e-05,-4.949317739784493735e-05,-5.066829075206232235e-05,4.510211025476338134e-04,-5.024264492350359612e-05,-5.006810939858349018e-05,-5.009396061731434145e-05,-4.999066082896204096e-05
-5.036698554020344753e-05,-4.978586268582548414e-05,-4.990085872402865260e-05,-4.935813204001022992e-05,-5.053003902093168749e-05,4.497904620953164807e-04,-5.010555459472888074e-05,-4.993149530135212452e-05,-4.995727598334955276e-05,-4.985425805519539072e-05
-5.069652207474128439e-05,-5.011159710258257619e-05,-5.022734552641002024e-05,-4.968106793958353211e-05,-5.086064236695972505e-05,4.527333102459123789e-04,-5.043338066264382483e-05,-5.025818254994638345e-05,-5.028413190744622377e-05,-5.018043996295725795e-05
-5.027447445867549335e-05,-4.969441897617514692e-05,-4.980920379649849978e-05,-4.926747396055681074e-05,-5.043722845247325929e-05,4.489643137425834468e-04,-5.001352369400442532e-05,-4.983978410237985555e-05,-4.986551743195475006e-05,-4.976268872100065611e-05
-5.045462145085302593e-05,-4.987248747322109720e-05,-4.998768359849272076e-05,-4.944401259854064903e-05,-5.061795863607635663e-05,4.505730738865899995e-04,-5.019273562926014002e-05,-5.001837348185212215e-05,-5.004419902088258254e-05,-4.994100184694252257e-05
-5.017797357570156103e-05,-4.959903149850003354e-05,-4.971359599157705719e-05,-4.917290599559559928e-05,-5.034041516635071587e-05,4.481025354108360823e-04,-4.991752370098477597e-05,-4.974411759915173357e-05,-4.976980153409737214e-05,-4.966717020086850582e-05
-5.061012078314974257e-05,-5.002619268948945097e-05,-5.014174384508517026e-05,-4.959639727062169727e-05,-5.077396136771638121e-05,4.519617239283781453e-04,-5.034742783885283733e-05,-5.017252831356374109e-05,-5.019843344597869705e-05,-5.009491822205193988e-05
-5.049016292895831533e-05,-4.990761888181897656e-05,-5.002289615407765885e-05,-4.947884217888661563e-05,-5.065361517291666014e-05,4.508904686582057369e-04,-5.022809262854445011e-05,-5.005360765614656158e-05,-5.007945138732260653e-05,-4.997618151875224261e-05
-5.014361273467617992e-05,-4.956506710506789859e-05,-4.967955314674308041e-05,-4.913923340411857448e-05,-5.030594308867455098e-05,4.477956840397192000e-04,-4.988334121066159623e-05,-4.971005385375042173e-05,-4.973572020086716874e-05,-4.963315914745842648e-05
-5.047767325994504572e-05,-4.989527331576708882e-05,-5.001052207207681025e-05,-4.946660267862156441e-05,-5.064108507099107577e-05,4.507789326204206552e-04,-5.021566778742968913e-05,-5.004122597709203022e-05,-5.006706331534685537e-05,-4.996381899247378996e-05
-5.069427653614771295e-05,-5.010937747250496509e-05,-5.022512076940156042e-05,-4.967886737925368893e-05,-5.085838955886422475e-05,4.527132569941394436e-04,-5.043114677956813996e-05,-5.025595642705075003e-05,-5.028190463515643899e-05,-5.017821728357173646e-05
-5.019093782126234462e-05,-4.961184616553981365e-05,-4.972644025810202658e-05,-4.918561056660845942e-05,-5.035342138117547398e-05,4.482183095423172988e-04,-4.993042065534565105e-05,-4.975696975139981044e-05,-4.978266032218201648e-05,-4.968000247258191844e-05
-5.051000398906522494e-05,-4.992723102027098593e-05,-5.004255359290492203e-05,-4.949828582145774866e-05,-5.067352046466128536e-05,4.510676545569293114e-04,-5.024783070319098342e-05,-5.007327716363697801e-05,-5.009913105059391586e-05,-4.999582060018373600e-05
-5.046891657318225313e-05,-4.988661766166727882e-05,-5.000184642503421986e-05,-4.945802138877343582e-05,-5.063230003613074573e-05,4.507007330985212919e-04,-5.020695655244082612e-05,-5.003254500364561852e-05,-5.005837785973125736e-05,-4.995515144731470963e-05
-5.006456183299747752e-05,-4.948692827475899438e-05,-4.960123383034023754e-05,-4.906176589635897854e-05,-5.022663627482445742e-05,4.470897386423979122e-04,-4.980470062442436175e-05,-4.963168645328956268e-05,-4.965731233766805395e-05,-4.955491297072912079e-05
-5.038487288758414418e-05,-4.980354365305956587e-05,-4.991858053099061475e-05,-4.937566110285299044e-05,-5.054798427517488284e-05,4.499502008242799622e-04,-5.012334909744440062e-05,-4.994922798859744172e-05,-4.997501782635409637e-05,-4.987196331238169029e-05
-5.059800695820033847e-05,-5.001421863111134248e-05,-5.012974212886872800e-05,-4.958452608626636577e-05,-5.076180832657406202e-05,4.518535442772582985e-04,-5.033537689098117066e-05,-5.016051922890646007e-05,-5.018641816077793974e-05,-5.008292771381956917e-05
-5.041065905293559121e-05,-4.982903230348148413e-05,-4.994412805543192149e-05,-4.940093076988445324e-05,-5.057385391830468993e-05,4.501804780805366418e-04,-5.014900141913656098e-05,-4.997479119791342574e-05,-5.000059423449323867e-05,-4.989748697888212592e-05
-5.041540507914935948e-05,-4.983372357111245243e-05,-4.994883015901611147e-05,-4.940558173291589958e-05,-5.057861530887298833e-05,4.502228613460843693e-04,-5.015372281099292941e-05,-4.997949618834941798e-05,-5.000530165421521064e-05,-4.990218469133532274e-05
-5.033802178744794256e-05,-4.975723311028424760e-05,-4.987216301951760298e-05,-4.932974843282931051e-05,-5.050098150356588253e-05,4.495318081456384381e-04,-5.007674117897085178e-05,-4.990278197914460221e-05,-4.992854783584919518e-05,-4.982558914860077962e-05
-5.032443129965590993e-05,-4.974379942645651171e-05,-4.985869830639109420e-05,-4.931643016325592719e-05,-5.048734701916971981e-05,4.494104415059069430e-04,-5.006322123290390220e-05,-4.988930899937233656e-05,-4.991506789969394334e-05,-4.981213700969942668e-05
-5.017301519423875275e-05,-4.959413032572209713e-05,-4.970868349800516167e-05,-4.916804693079451078e-05,-5.033544073307521686e-05,4.480582557568947599e-04,-4.991259105611186957e-05,-4.973920208955957709e-05,-4.976488348652396336e-05,-4.966226229490309585e-05
-4.996701561964855739e-05,-4.939050752749904460e-05,-4.950459036917325849e-05,-4.896617353905718018e-05,-5.012877427426826112e-05,4.462186252347880044e-04,-4.970766072684247100e-05,-4.953498365797559939e-05,-4.956055961266518759e-05,-4.945835976151506620e-05
-5.061831544114306380e-05,-5.003429279938408574e-05,-5.014986266471854650e-05,-4.960442778917425045e-05,-5.078218255434550367e-05,4.520349043851813568e-04,-5.035557996229664729e-05,-5.018065211773714687e-05,-5.020656144464290651e-05,-5.010302945980377561e-05
-5.062020037825408931e-05,-5.003615598851594094e-05,-5.015173015746954895e-05,-4.960627497088687925e-05,-5.078407359358051650e-05,4.520517373706197761e-04,-5.035745511559910995e-05,-5.018252075703339007e-05,-5.020843104875706304e-05,-5.010489520856833951e-05
-5.026464783893868862e-05,-4.968470573375100740e-05,-4.979946811829907675e-05,-4.925784416856104892e-05,-5.042737002093395407e-05,4.488765594371195845e-04,-5.000374807955475909e-05,-4.983004244697134840e-05,-4.985577074672436733e-05,-4.975296213461126091e-05
-5.040439180753621779e-05,-4.982283736813735922e-05,-4.993791881094505192e-05,-4.939478905775534812e-05,-5.056756638389739569e-05,4.501245099264762498e-04,-5.014276670401193292e-05,-4.996857814126776304e-05,-4.999437796991567680e-05,-4.989128353299172939e-05
-5.001627533759920701e-05,-4.943919889799477306e-05,-4.955339420763534377e-05,-4.901444658213370851e-05,-5.017819346113343141e-05,4.466585275056062041e-04,-4.975666476114311423e-05,-4.958381745950078223e-05,-4.960941862811008121e-05,-4.950711802377699575e-05
-5.035083538438065278e-05,-4.976989886684330690e-05,-4.988485803160692516e-05,-4.934230537271039107e-05,-5.051383658206711874e-05,4.496462369451345717e-04,-5.008948826664761430e-05,-4.991548478532256819e-05,-4.994125720075331178e-05,-4.983827230526187549e-05
-5.005218413389318598e-05,-4.947469338673346142e-05,-4.958897068201112922e-05,-4.904963612324077026e-05,-5.021421850528880431e-05,4.469792025254315558e-04,-4.979238717203666634e-05,-4.961941577601433953e-05,-4.964503532478413704e-05,-4.954266127452539329e-05
-5.050628679520501675e-05,-4.992355671455939024e-05,-5.003887080023204339e-05,-4.949464308321125267e-05,-5.066979123709445187e-05,4.510344590355972448e-04,-5.024413280351129987e-05,-5.006959210991711144e-05,-5.009544409420285920e-05,-4.999214124674300567e-05
-5.010850217304151468e-05,-4.953036164112856459e-05,-4.964476751966836646e-05,-4.910482610897012694e-05,-5.027071886331326158e-05,4.474821374658429851e-04,-4.984841289116850172e-05,-4.967524687007826838e-05,-4.970089524561673575e-05,-4.959840600546565873e-05
-5.012474026852179821e-05,-4.954641238514658923e-05,-4.966085533790528264e-05,-4.912073895450188833e-05,-5.028700952652137151e-05,4.476271479403849066e-04,-4.986456670245733593e-05,-4.969134456541349644e-05,-4.971700125253088729e-05,-4.961447879985110863e-05
-5.079752742858090729e-05,-5.021143707955733201e-05,-5.032741611507292827e-05,-4.978005015060527478e-05,-5.096197470631154175e-05,4.536353146903003238e-04,-5.053386174597278302e-05,-5.035831457683729781e-05,-5.038431563461038496e-05,-5.028041709919279660e-05
-5.024740009993858096e-05,-4.966765699525113473e-05,-4.978238000039954703e-05,-4.924094190272497419e-05,-5.041006644567823082e-05,4.487225325797072006e-04,-4.998658986532300086e-05,-4.981294383784063031e-05,-4.983866330922186589e-05,-4.973588997470811655e-05
-5.005306477002514855e-05,-4.947556386229428195e-05,-4.958984316820606094e-05,-4.905049912019755103e-05,-5.021510199230924427e-05,4.469870668383533010e-04,-4.979326323721140941e-05,-4.962028879787074546e-05,-4.964590879739972393e-05,-4.954353294593665967e-05
-5.063712550161575583e-05,-5.005288583364136528e-05,-5.016849864541091694e-05,-4.962286108308997022e-05,-5.080105350879196482e-05,4.522028831853005734e-04,-5.037429238873503205e-05,-5.019929953996960192e-05,-5.022521849493215659e-05,-5.012164803700441915e-05
-5.062619436474476408e-05,-5.004208081774991218e-05,-5.015766867195177410e-05,-4.961214889749698511e-05,-5.079008698445589974e-05,4.521052652505651737e-04,-5.036341799017107258e-05,-5.018846291746007599e-05,-5.021437627724625630e-05,-5.011082817727933173e-05
-5.045842393353971149e-05,-4.987624608372009390e-05,-4.999145089068049463e-05,-4.944773891728069794e-05,-5.062177342857477469e-05,4.506070310596529006e-04,-5.019651837507461414e-05,-5.002214308696506344e-05,-5.004797057232220249e-05,-4.994476562098732549e-05
-5.010522528220486693e-05,-4.952712255831411920e-05,-4.964152095517816715e-05,-4.910161485443611271e-05,-5.026743136416965635e-05,4.474528739665675032e-04,-4.984515300910531942e-05,-4.967199831236342584e-05,-4.969764501060321241e-05,-4.959516247282854832e-05
-5.045432506183510340e-05,-4.987219450387648520e-05,-4.998738995244286879e-05,-4.944372214621808924e-05,-5.061766128755452088e-05,4.505704270545238688e-04,-5.019244077865775774e-05,-5.001807965551838178e-05,-5.004390504283994905e-05,-4.994070847511878090e-05
-5.010973110173442066e-05,-4.953157639072042136e-05,-4.964598507510485729e-05,-4.910603042215254307e-05,-5.027195177042787882e-05,4.474931121231300957e-04,-4.984963544107976987e-05,-4.967646517303160798e-05,-4.970211417760556143e-05,-4.959962242386961736e-05
-5.077795321363370883e-05,-5.019208870746651261e-05,-5.030802305185777925e-05,-4.976086800827130284e-05,-5.094233712358665694e-05,4.534605117892186827e-04,-5.051438913142047057e-05,-5.033890960727209740e-05,-5.036490064585075996e-05,-5.026104214648229355e-05
-5.018304671913219496e-05,-4.960404610915434469e-05,-4.971862218504443260e-05,-4.917787752368648762e-05,-5.034550473311221862e-05,4.481478399194429468e-04,-4.992257051215376204e-05,-4.974914687844496787e-05,-4.977483341011327514e-05,-4.967219170054951958e-05
-5.061259764396320410e-05,-5.002864097284615951e-05,-5.014419778351858004e-05,-4.959882451977893817e-05,-5.077644624689248897e-05,4.519838429485857016e-04,-5.034989184346647697e-05,-5.017498375858986658e-05,-5.020089015880271449e-05,-5.009736986883808356e-05
-5.017240533084349463e-05,-4.959352749879590946e-05,-4.970807927866074304e-05,-4.916744928300282881e-05,-5.033482889536286628e-05,4.480528095159750312e-04,-4.991198435822757597e-05,-4.973859749925516152e-05,-4.976427858405668849e-05,-4.966165863981828089e-05
-5.023819024592441072e-05,-4.965855340244236570e-05,-4.977325537999301061e-05,-4.923191652259307295e-05,-5.040082677652381538e-05,4.486402861547631750e-04,-4.997742781525800460e-05,-4.980381361538349151e-05,-4.982952837263874624e-05,-4.972677387546574855e-05
-5.027936274234688608e-05,-4.969925085994312213e-05,-4.981404684101399240e-05,-4.927226433164466526e-05,-5.044213256102657067e-05,4.490079674048084611e-04,-5.001838660493413639e-05,-4.984463012027695312e-05,-4.987036595195266909e-05,-4.976752724276642707e-05
-5.065999933501607596e-05,-5.007549575394331981e-05,-5.019116079040257961e-05,-4.964527675234986108e-05,-5.082400139185143032e-05,4.524071525492971355e-04,-5.039704749500165728e-05,-5.022197559836009934e-05,-5.024790626144876081e-05,-5.014428901861072693e-05
-5.069507822401935892e-05,-5.011016991068117330e-05,-5.022591503796236740e-05,-4.967965300926849488e-05,-5.085919384204774845e-05,4.527204162782213549e-04,-5.043194430626007755e-05,-5.025675118325200261e-05,-5.028269980170717356e-05,-5.017901081039267622e-05
-5.043370488198428686e-05,-4.985181223498068401e-05,-4.996696060431577319e-05,-4.942351498970289802e-05,-5.059697435381680134e-05,4.503862834110038604e-04,-5.017192762830240994e-05,-4.999763776481562483e-05,-5.002345259755887618e-05,-4.992029820524603571e-05
-5.051348227258214898e-05,-4.993066917213913271e-05,-5.004599968626181010e-05,-4.950169443475945804e-05,-5.067701000845645524e-05,4.510987165459287487e-04,-5.025129093259971121e-05,-5.007672537271923307e-05,-5.010258104005921542e-05,-4.999926347535421878e-05
-5.004440985327816464e-05,-4.946700880401291069e-05,-4.958126834933906582e-05,-4.904201756190962482e-05,-5.020641905692511308e-05,4.469097761495426937e-04,-4.978465324399975584e-05,-4.961170871450316358e-05,-4.963732428395452653e-05,-4.953496613479341432e-05
-5.016437590045790576e-05,-4.958559071015188193e-05,-4.970012415751923527e-05,-4.915958068254257230e-05,-5.032677347123379704e-05,4.479811045852873899e-04,-4.990399660477465760e-05,-4.973063749407604853e-05,-4.975631446895956926e-05,-4.965371094768614613e-05
-5.047440284720134204e-05,-4.989204063631019683e-05,-5.000728192573327150e-05,-4.946339777243664268e-05,-5.063780407090988074e-05,4.507497269722599139e-04,-5.021241434983810437e-05,-5.003798384146385927e-05,-5.006381950573554130e-05,-4.996058187199024320e-05
-5.057563849938353557e-05,-4.999210825449832047e-05,-5.010758068141802940e-05,-4.956260566891389121e-05,-5.073936745415086400e-05,4.516537880415715531e-04,-5.031312453614141336e-05,-5.013834417545948798e-05,-5.016423165788413540e-05,-5.006078696217048328e-05
-5.037220173198678566e-05,-4.979101869436903540e-05,-4.990602664198875169e-05,-4.936324375118050301e-05,-5.053527209913872214e-05,4.498370440634142904e-04,-5.011074371175313106e-05,-4.993666639214988759e-05,-4.996244974409043307e-05,-4.985942114701726215e-05
-5.031709373046814291e-05,-4.973654651647241011e-05,-4.985142864354147931e-05,-4.930923956597493905e-05,-5.047998569600685431e-05,4.493449150781540519e-04,-5.005592174952790867e-05,-4.988203487332148973e-05,-4.990779001785893357e-05,-4.980487413573357765e-05
-5.027837958478776443e-05,-4.969827904582978223e-05,-4.981307278219229316e-05,-4.927130086678034512e-05,-5.044114622068382253e-05,4.489991875485361650e-04,-5.001740855047451695e-05,-4.984365546343307957e-05,-4.986939079187309779e-05,-4.976655409358398763e-05
-5.017944414848634922e-05,-4.960048510415356271e-05,-4.971505295478719649e-05,-4.917434711273316978e-05,-5.034189049983244733e-05,4.481156680136066852e-04,-4.991898664073098768e-05,-4.974557545686262102e-05,-4.977126014453070181e-05,-4.966862580347191557e-05
-5.052581154988248661e-05,-4.994285619704068579e-05,-5.005821486091204241e-05,-4.951377675596542086e-05,-5.068937919943178523e-05,4.512088202434200407e-04,-5.026355621451798262e-05,-5.008894804686217110e-05,-5.011481002502581614e-05,-5.001146724268001843e-05
-5.073568232489559431e-05,-5.015030553065149822e-05,-5.026614336371383406e-05,-4.971944380776274612e-05,-5.089992939093327404e-05,4.530830216061467884e-04,-5.047233765065814584e-05,-5.029700420713983439e-05,-5.032297360907849398e-05,-5.021920156831595429e-05
-5.057872760754165704e-05,-4.999516172122338617e-05,-5.011064120108131174e-05,-4.956563290205851088e-05,-5.074246656270680705e-05,4.516813745919869331e-04,-5.031619761021400363e-05,-5.014140657412566435e-05,-5.016729563773135968e-05,-5.006384462372106620e-05
-5.022627415484826090e-05,-4.964677479652541883e-05,-4.976144956769707514e-05,-4.922023911148451833e-05,-5.038887210938136049e-05,4.485338723192570671e-04,-4.996557357491599740e-05,-4.979200055492191278e-05,-4.981770921284525152e-05,-4.971497908820577945e-05
-5.045192655505088001e-05,-4.986982367052071130e-05,-4.998501364290489052e-05,-4.944137168165923548e-05,-5.061525501606305822e-05,4.505490077564726684e-04,-5.019005472137626678e-05,-5.001570188704771098e-05,-5.004152604667731893e-05,-4.993833438473337159e-05
-5.026933646608639303e-05,-4.968934026458657875e-05,-4.980411335403384798e-05,-4.926243888225572998e-05,-5.043207382661387702e-05,4.489184301139376577e-04,-5.000841237028217403e-05,-4.983469053464326446e-05,-4.986042123430159043e-05,-4.975760303232299510e-05
-5.047439905174826803e-05,-4.989203688464344748e-05,-5.000727816540179524e-05,-4.946339405299850087e-05,-5.063780026317112238e-05,4.507496930778393321e-04,-5.021241057408326266e-05,-5.003798007882400139e-05,-5.006381574115315904e-05,-4.996057811517003698e-05
-5.027257543154607021e-05,-4.969254185959315616e-05,-4.980732234412739602e-05,-4.926561297105105014e-05,-5.043532327760587102e-05,4.489473549295697262e-04,-5.001163452381849033e-05,-4.983790149489297419e-05,-4.986363385243785607e-05,-4.976080902565244461e-05
-5.009403337485407378e-05,-4.951605978065861166e-05,-4.963043262457245516e-05,-4.909064712161922246e-05,-5.025620322515777957e-05,4.473529272827112100e-04,-4.983401919359877494e-05,-4.966090317408896628e-05,-4.968654414367502253e-05,-4.958408449722800617e-05
-5.025218441942454824e-05,-4.967238611433954506e-05,-4.978712004287011737e-05,-4.924563039201973339e-05,-5.041486625348462925e-05,4.487652578142947105e-04,-4.999134935169145864e-05,-4.981768679045530442e-05,-4.984340871072300445e-05,-4.974062559061824356e-05
-5.021578216022866084e-05,-4.963640385615223223e-05,-4.975105467239138884e-05,-4.920995727208314456e-05,-5.037834614893842887e-05,4.484401760405803700e-04,-4.995513603922163427e-05,-4.978159927768208788e-05,-4.980730256520739165e-05,-4.970459390032909983e-05
-5.063220053315370053e-05,-5.004801768835448993e-05,-5.016361925561702744e-05,-4.961803476202870304e-05,-5.079611259668484404e-05,4.521589019182756090e-04,-5.036939298343283525e-05,-5.019441715447939040e-05,-5.022033358856327730e-05,-5.011677320390271143e-05
-4.992395417007974948e-05,-4.934794291115558821e-05,-4.946192743652346623e-05,-4.892397461267902580e-05,-5.008557342149738407e-05,4.458340751349966816e-04,-4.966482278866861578e-05,-4.949229453246586696e-05,-4.951784844586195505e-05,-4.941573667028681090e-05
-5.037756015612393463e-05,-4.979631529423518061e-05,-4.991133547600846748e-05,-4.936849484580578995e-05,-5.054064787014574941e-05,4.498848962040046754e-04,-5.011607432287710953e-05,-4.994197848552181670e-05,-4.996776458020748689e-05,-4.986472502330323048e-05
-5.063533581357017402e-05,-5.005111679461437738e-05,-5.016672552023364697e-05,-4.962110724260141434e-05,-5.079925802697258353e-05,4.521869007991412086e-04,-5.037251199010635576e-05,-5.019752532618387375e-05,-5.022344336508232884e-05,-5.011987656768712116e-05
-5.002593775037410040e-05,-4.944874982803977207e-05,-4.956296719854435618e-05,-4.902391545624221940e-05,-5.018788715412219042e-05,4.467448153995992989e-04,-4.976627702095075885e-05,-4.959339632773718053e-05,-4.961900244211791270e-05,-4.951668207480395683e-05
-5.031044299170809252e-05,-4.972997251244045557e-05,-4.984483945478630177e-05,-4.930272204190148488e-05,-5.047331342674863508e-05,4.492855222273250829e-04,-5.004930553157940803e-05,-4.987544163914043910e-05,-4.990119337945172931e-05,-4.979829110039263795e-05
-5.038675309552149946e-05,-4.980540216758089602e-05,-4.992044333833380054e-05,-4.937750365011584001e-05,-5.054987056992671477e-05,4.499669915769452218e-04,-5.012521954611962510e-05,-4.995109193960932403e-05,-4.997688273976326836e-05,-4.987382438011390479e-05
-5.047829893920079304e-05,-4.989589177608188956e-05,-5.001114196091848379e-05,-4.946721582549483810e-05,-5.064171277576246969e-05,4.507845201011848567e-04,-5.021629021908549358e-05,-5.004184624651354196e-05,-5.006768390502633386e-05,-4.996443830242327757e-05
-4.996370661389039515e-05,-4.938723670029650909e-05,-4.950131198697162296e-05,-4.896293081286313042e-05,-5.012545455623759917e-05,4.461890749407887023e-04,-4.970436889655040913e-05,-4.953170326301492484e-05,-4.955727752396764678e-05,-4.945508444087986616e-05
-5.046315341005604913e-05,-4.988092099261714178e-05,-4.999613659774181226e-05,-4.945237366213508796e-05,-5.062651821586433044e-05,4.506492665321229388e-04,-5.020122330314275054e-05,-5.002683167081064787e-05,-5.005266157698195996e-05,-4.994944695223113150e-05
-5.032881583568088907e-05,-4.974813337469683106e-05,-4.986304226524237895e-05,-4.932072687677794718e-05,-5.049174574929207347e-05,4.494495965687773280e-04,-5.006758301089712801e-05,-4.989365562519251448e-05,-4.991941676976863358e-05,-4.981647691187907328e-05
-5.037118896053928934e-05,-4.979001760804988144e-05,-4.990502324334707054e-05,-4.936225126560289406e-05,-5.053425604903708998e-05,4.498279997473309563e-04,-5.010973619711859791e-05,-4.993566237747266355e-05,-4.996144521101925361e-05,-4.985841868541461514e-05
-5.009216478928887770e-05,-4.951421275439781970e-05,-4.962858133202857630e-05,-4.908881596390535836e-05,-5.025432859040771492e-05,4.473362403208174464e-04,-4.983216030696258959e-05,-4.965905074494669010e-05,-4.968469075808512451e-05,-4.958223493354059909e-05
-5.044911677353446349e-05,-4.986704630761770214e-05,-4.998222986481431346e-05,-4.943861818020723584e-05,-5.061243613841888715e-05,4.505239156665638762e-04,-5.018725952408878248e-05,-5.001291639986008410e-05,-5.003873912128438363e-05,-4.993555320631523853e-05
-5.033630244413925931e-05,-4.975553360436680872e-05,-4.987045958805947867e-05,-4.932806352805880297e-05,-5.049925659421265967e-05,4.495164539565004932e-04,-5.007503075995056014e-05,-4.990107750186670218e-05,-4.992684247851388854e-05,-4.982388730791765239e-05
-5.069653969624392335e-05,-5.011161452077275062e-05,-5.022736298483287053e-05,-4.968108520812723701e-05,-5.086066004550849479e-05,4.527334676105798455e-04,-5.043339819268186070e-05,-5.025820001908778517e-05,-5.028414938560729988e-05,-5.018045740507632999e-05
-5.021934211141572928e-05,-4.963992273343295316e-05,-4.975458167762038893e-05,-4.921344591725651383e-05,-5.038191762478560945e-05,4.484719673434366181e-04,-4.995867751240514484e-05,-4.978512844831191510e-05,-4.981083355802217279e-05,-4.970811761181136162e-05
-5.018133296526134626e-05,-4.960235212818741836e-05,-4.971692429129796851e-05,-4.917619809640111762e-05,-5.034378543129089742e-05,4.481325356454705900e-04,-4.992086565356027066e-05,-4.974744794227846758e-05,-4.977313359675025251e-05,-4.967049539240675379e-05
-4.980206953074764361e-05,-4.922746454915318855e-05,-4.934117079201968785e-05,-4.880453132941397430e-05,-4.996329420395900149e-05,4.447456131654583741e-04,-4.954357079423965613e-05,-4.937146374955259283e-05,-4.939695527547181635e-05,-4.929509279619575076e-05
-5.029208585108879660e-05,-4.971182717234034007e-05,-4.982665220234283257e-05,-4.928473259581280083e-05,-5.045489685839974256e-05,4.491215881208829655e-04,-5.003104367409956353e-05,-4.985724322065362632e-05,-4.988298556473864037e-05,-4.978012083238848217e-05
-5.027378497873098099e-05,-4.969373745128974492e-05,-4.980852069741880452e-05,-4.926679829092657292e-05,-5.043653674047050617e-05,4.489581565048460904e-04,-5.001283779281886555e-05,-4.983910058391245051e-05,-4.986483356057254477e-05,-4.976200625984300162e-05
-5.041562345383772745e-05,-4.983393942624746105e-05,-4.994904651273529236e-05,-4.940579573355454758e-05,-5.057883439050640432e-05,4.502248114896571459e-04,-5.015394005220460272e-05,-4.997971267489849639e-05,-5.000551825254067446e-05,-4.990240084300966796e-05
-5.001297526274103676e-05,-4.943593689864932979e-05,-4.955012467368154661e-05,-4.901121260795289914e-05,-5.017488270291490973e-05,4.466290569668979237e-04,-4.975338181539493013e-05,-4.958054591822032747e-05,-4.960614539766411570e-05,-4.950385154312654306e-05
-5.037500756633117230e-05,-4.979379215564002281e-05,-4.990880650943558118e-05,-4.936599338451985145e-05,-5.053808701683309350e-05,4.498621009040281176e-04,-5.011353498235575783e-05,-4.993944796629291638e-05,-4.996523275441844085e-05,-4.986219841844353193e-05
-5.033601755290559494e-05,-4.975525200014147128e-05,-4.987017733338144064e-05,-4.932778434320866511e-05,-5.049897078069873777e-05,4.495139098026489262e-04,-5.007474734745015574e-05,-4.990079507389882842e-05,-4.992655990472259797e-05,-4.982360531682722123e-05
-5.023635812578283830e-05,-4.965674242088763233e-05,-4.977144021540929979e-05,-4.923012109991943417e-05,-5.039898872524370096e-05,4.486239248387793887e-04,-4.997560520477640518e-05,-4.980199733638147641e-05,-4.982771115585363616e-05,-4.972496040600085518e-05
-4.997259947350350011e-05,-4.939602695611005939e-05,-4.951012254663376863e-05,-4.897164554800307657e-05,-5.013437620478325250e-05,4.462684905221222056e-04,-4.971321559757909954e-05,-4.954051923191062421e-05,-4.956609804473376238e-05,-4.946388677266791418e-05
-5.039929318459521624e-05,-4.981779757194533780e-05,-4.993286737376691572e-05,-4.938979256050295575e-05,-5.056245125514168053e-05,4.500789778791018810e-04,-5.013769454558265898e-05,-4.996352360276564678e-05,-4.998932082164920685e-05,-4.988623681317384400e-05
-4.997910040201538652e-05,-4.940245287838361066e-05,-4.951656331158677356e-05,-4.897801626255847006e-05,-5.014089817880753116e-05,4.463265455279956970e-04,-4.971968278287875495e-05,-4.954696395116417310e-05,-4.957254609153150443e-05,-4.947032152281553223e-05
-5.048077973476275735e-05,-4.989834394879011256e-05,-5.001359979768682941e-05,-4.946964693058947184e-05,-5.064420160242470747e-05,4.508066742597401566e-04,-5.021875813802480427e-05,-5.004430559226791860e-05,-5.007014452059256219e-05,-4.996689384390393145e-05
-5.034390951835977139e-05,-4.976305290990077615e-05,-4.987799626178189685e-05,-4.933551823218057194e-05,-5.050688829487780663e-05,4.495843871352882878e-04,-5.008259834948980058e-05,-4.990861880272111768e-05,-4.993438767310021212e-05,-4.983141694340456374e-05
-5.005105933616424305e-05,-4.947358156666372862e-05,-4.958785629384519550e-05,-4.904853385526923814e-05,-5.021309006624290422e-05,4.469691577850995164e-04,-4.979126821259422235e-05,-4.961830070367111552e-05,-4.964391967670567311e-05,-4.954154792704750312e-05
-5.015935916519212695e-05,-4.958063185683084408e-05,-4.969515385017553733e-05,-4.915466443274588729e-05,-5.032174049524980243e-05,4.479363038164322600e-04,-4.989900590897956156e-05,-4.972566413521809555e-05,-4.975133854225215267e-05,-4.964874528193815651e-05
-5.036894816231029257e-05,-4.978780266364980940e-05,-4.990280318283796468e-05,-4.936005535069856108e-05,-5.053200799665040336e-05,4.498079888282950005e-04,-5.010750702980533444e-05,-4.993344095395944708e-05,-4.995922264053800498e-05,-4.985620069814303279e-05
-5.020724106474631232e-05,-4.962796130589890820e-05,-4.974259262142348409e-05,-4.920158725522628490e-05,-5.036977740329138398e-05,4.483639018057132379e-04,-4.994663927648615735e-05,-4.977313203144694562e-05,-4.979883094715451545e-05,-4.969613975177554081e-05
-5.035878948817822982e-05,-4.977776119799255856e-05,-4.989273852327231107e-05,-4.935010015536482999e-05,-5.052181643575500715e-05,4.497172691894893068e-04,-5.009740108449326634e-05,-4.992337011520729071e-05,-4.994914660199995459e-05,-4.984614543761113587e-05
-5.016771517000288556e-05,-4.958889145196428952e-05,-4.970343252342795698e-05,-4.916285306633769728e-05,-5.033012355102457568e-05,4.480109251428823205e-04,-4.990731854176857325e-05,-4.973394789115227467e-05,-4.975962657526340348e-05,-4.965701622402767120e-05
-5.034616181235155848e-05,-4.976527921743175695e-05,-4.988022771166790496e-05,-4.933772541259314555e-05,-5.050914788024157446e-05,4.496045007145353049e-04,-5.008483895289847509e-05,-4.991085162260352050e-05,-4.993662164583468005e-05,-4.983364630941718767e-05
-5.003545583772681565e-05,-4.945815809785593289e-05,-4.957239719970618283e-05,-4.903324289577360654e-05,-5.019743605446299879e-05,4.468298144295111771e-04,-4.977574570446021410e-05,-4.960283211843805528e-05,-4.962844310471628957e-05,-4.952610326961680932e-05
-5.036457403114747951e-05,-4.978347900021994180e-05,-4.989846953255367502e-05,-4.935576883362397367e-05,-5.052761970507476454e-05,4.497689266835736476e-04,-5.010315560266636302e-05,-4.992910464303535541e-05,-4.995488409068530699e-05,-4.985187109490334361e-05
-5.049448138780554134e-05,-4.991188751526359616e-05,-5.002717464726856475e-05,-4.948307413875793840e-05,-5.065794761194943919e-05,4.509290336344476359e-04,-5.023238867233430352e-05,-5.005788877611385448e-05,-5.008373471772242683e-05,-4.998045601640748890e-05
-5.051932240840068563e-05,-4.993644192579747441e-05,-5.005178577390180283e-05,-4.950741759233895546e-05,-5.068286905059688705e-05,4.511508704988137540e-04,-5.025710075506590149e-05,-5.008251501272123685e-05,-5.010837366937413153e-05,-5.000504415956925062e-05
-5.068381793640138502e-05,-5.009903954171627166e-05,-5.021475895992361213e-05,-4.966861826584797530e-05,-5.084789710140016059e-05,4.526198589405538530e-04,-5.042074246541642692e-05,-5.024558825595094690e-05,-5.027153111075140051e-05,-5.016786515062619068e-05
-5.036286010303845701e-05,-4.978178484702302804e-05,-4.989677146617982952e-05,-4.935408923558676328e-05,-5.052590022845181644e-05,4.497536208535976468e-04,-5.010145057073811607e-05,-4.992740553413561492e-05,-4.995318410449995662e-05,-4.985017461429424787e-05
-5.026056043740371613e-05,-4.968066549172781102e-05,-4.979541854407189158e-05,-4.925383863790441899e-05,-5.042326938721839868e-05,4.488400578635852803e-04,-4.999968189376730206e-05,-4.982599038651251081e-05,-4.985171659410143452e-05,-4.974891634213999002e-05
-5.047434290062384135e-05,-4.989198138137708330e-05,-5.000722253393344373e-05,-4.946333902658271069e-05,-5.063774393026842434e-05,4.507491916334870367e-04,-5.021235471441209210e-05,-5.003792441320080133e-05,-5.006376004678867418e-05,-4.996052253565389564e-05
-5.040081876895872504e-05,-4.981930555446941345e-05,-4.993437883944742229e-05,-4.939128758733934093e-05,-5.056398177829074200e-05,4.500926017497914613e-04,-5.013921221137012171e-05,-4.996503599640847053e-05,-4.999083399617240263e-05,-4.988774686734989911e-05
-5.026479383653242324e-05,-4.968485004685950165e-05,-4.979961276474350961e-05,-4.925798724181816162e-05,-5.042751649116641508e-05,4.488778632341398011e-04,-5.000389331934562242e-05,-4.983018718222120911e-05,-4.985591555670400120e-05,-4.975310664597558884e-05
-5.027335500641602628e-05,-4.969331243990181122e-05,-4.980809470433320360e-05,-4.926637693098768930e-05,-5.043610537620127094e-05,4.489543167387119167e-04,-5.001241005228645932e-05,-4.983867432928864910e-05,-4.986440708586434208e-05,-4.976158066457777462e-05
-5.024850441054673500e-05,-4.966874856457235429e-05,-4.978347409104221574e-05,-4.924202409392790312e-05,-5.041117433128119757e-05,4.487323943646308756e-04,-4.998768844398193787e-05,-4.981403860019914222e-05,-4.983975863682928208e-05,-4.973698304361763144e-05
-5.037301011368009639e-05,-4.979181774914565896e-05,-4.990682754243099049e-05,-4.936403594095751640e-05,-5.053608309781084399e-05,4.498442631251413294e-04,-5.011154789752707978e-05,-4.993746778430365629e-05,-4.996325155001949157e-05,-4.986022129952719269e-05
-5.013204604571009195e-05,-4.955363386992917241e-05,-4.966809350296920819e-05,-4.912789839656009279e-05,-5.029433895476738073e-05,4.476923904571439620e-04,-4.987183455884598449e-05,-4.969858717434118988e-05,-4.972424760097027177e-05,-4.962171020544506339e-05
-5.057265988682430437e-05,-4.998916400849488047e-05,-5.010462963475661834e-05,-4.955968671812812677e-05,-5.073637919890333972e-05,4.516271882459708584e-04,-5.031016138413600593e-05,-5.013539131700625113e-05,-5.016127727480793459e-05,-5.005783867138845921e-05
-5.037045615980258558e-05,-4.978929326220641666e-05,-4.990429722439918816e-05,-4.936153314291325070e-05,-5.053352087599687428e-05,4.498214556435391632e-04,-5.010900720000229023e-05,-4.993493591278599160e-05,-4.996071837124337365e-05,-4.985769334447081984e-05
-5.024465082139793569e-05,-4.966493943725755657e-05,-4.977965616535591536e-05,-4.923824769237643457e-05,-5.040730826687571040e-05,4.486979807973428278e-04,-4.998385485697073941e-05,-4.981021833050174822e-05,-4.983593639464639256e-05,-4.973316868335847296e-05
-5.055450313404068717e-05,-4.997121674420336158e-05,-5.008664091563940260e-05,-4.954189364609968475e-05,-5.071816366710675457e-05,4.514650436557525307e-04,-5.029209887437542865e-05,-5.011739155373487134e-05,-5.014326821788004610e-05,-5.003986675130740465e-05
-5.048927563106376019e-05,-4.990674182135715592e-05,-5.002201706777189519e-05,-4.947797265360219917e-05,-5.065272500256749792e-05,4.508825448539857650e-04,-5.022720993618497805e-05,-5.005272803012720617e-05,-5.007857130713422723e-05,-4.997530325339373877e-05
-5.048846615784229579e-05,-4.990594168765784847e-05,-5.002121508591254179e-05,-4.947717939418046711e-05,-5.065191290883026354e-05,4.508753160446828242e-04,-5.022640466455376124e-05,-5.005192555589178149e-05,-5.007776841856428804e-05,-4.997450202047752920e-05
-5.045011336195790922e-05,-4.986803139763432049e-05,-4.998321723020390317e-05,-4.943959480691705049e-05,-5.061343595310545482e-05,4.505328154640023293e-04,-5.018825093970007806e-05,-5.001390437144134538e-05,-5.003972760297597047e-05,-4.993653964963912754e-05
-5.064778921922512674e-05,-5.006342651570022488e-05,-5.017906367447449485e-05,-4.963331120585466930e-05,-5.081175174814590921e-05,4.522981129955439775e-04,-5.038490075608577221e-05,-5.020987105542092105e-05,-5.023579546867921737e-05,-5.013220319975675819e-05
-5.045354915747285207e-05,-4.987142755171383832e-05,-4.998662122876583599e-05,-4.944296178324765370e-05,-5.061688287135288669e-05,4.505634980239222481e-04,-5.019166890164011277e-05,-5.001731045988476871e-05,-5.004313545005482672e-05,-4.993994046932522375e-05
-5.076994160337973432e-05,-5.018416953334971963e-05,-5.030008558592973075e-05,-4.975301687100488086e-05,-5.093429957727840026e-05,4.533889659970050329e-04,-5.050641910560349398e-05,-5.033096726814581588e-05,-5.035695420592781765e-05,-5.025311209307603365e-05
-5.041331753166742972e-05,-4.983166010928182920e-05,-4.994676193097391325e-05,-4.940353599912866809e-05,-5.057652100335485707e-05,4.502042189966049229e-04,-5.015164609897298966e-05,-4.997742669052078582e-05,-5.000323108786120370e-05,-4.990011839473920967e-05
-5.009333398865070376e-05,-4.951536846380681829e-05,-4.962973971090947753e-05,-4.908996174414668009e-05,-5.025550157482760305e-05,4.473466815794514568e-04,-4.983332343757133773e-05,-4.966020983501281174e-05,-4.968585044661366754e-05,-4.958339223065227072e-05
-5.037222153267298890e-05,-4.979103826660874515e-05,-4.990604625943482667e-05,-4.936326315527394057e-05,-5.053529196392318143e-05,4.498372208888100875e-04,-5.011076340966766129e-05,-4.993668602163957169e-05,-4.996246938371483250e-05,-4.985944074614403381e-05
-5.069461529298149513e-05,-5.010971232082832332e-05,-5.022545639116412656e-05,-4.967919935075059811e-05,-5.085872941236158583e-05,4.527162821819391450e-04,-5.043148377807218680e-05,-5.025629225486850726e-05,-5.028224063636964000e-05,-5.017855259190798862e-05
-5.046563673394009503e-05,-4.988337566446811002e-05,-4.999859693942707250e-05,-4.945480724489537735e-05,-5.062900957903595508e-05,4.506714432692206273e-04,-5.020369373727715147e-05,-5.002929352302025939e-05,-5.005512470029792668e-05,-4.995190499628879521e-05
-5.059214075563259915e-05,-5.000842011145645956e-05,-5.012393021571748399e-05,-4.957877738405684490e-05,-5.075592313329818742e-05,4.518011575414312281e-04,-5.032954113706600958e-05,-5.015470374753762238e-05,-5.018059967675374706e-05,-5.007712122821086193e-05
-5.011227421627499612e-05,-4.953409016338120019e-05,-4.964850465411088854e-05,-4.910852259796662862e-05,-5.027450311781561112e-05,4.475158228065782427e-04,-4.985216535552793867e-05,-4.967898629893046140e-05,-4.970463660521482938e-05,-4.960213964992873009e-05
-5.023218388798458817e-05,-4.965261634449942292e-05,-4.976730460855553518e-05,-4.922603047233666906e-05,-5.039480097414876801e-05,4.485866477945215335e-04,-4.997145263345171553e-05,-4.979785919047635873e-05,-4.982357087333664716e-05,-4.972082866124595692e-05
-5.069887034211572105e-05,-5.011391827617900639e-05,-5.022967206148398165e-05,-4.968336917102993274e-05,-5.086299823640106656e-05,4.527542808927842205e-04,-5.043571674128406799e-05,-5.026051051339408765e-05,-5.028646107287052945e-05,-5.018276432536125035e-05
-5.013715542681104748e-05,-4.955868430015401914e-05,-4.967315559874317649e-05,-4.913290543648260206e-05,-5.029946487651108632e-05,4.477380185777135742e-04,-4.987691741959387418e-05,-4.970365237798307764e-05,-4.972931541988323702e-05,-4.962676757390493759e-05
-5.040388387689453189e-05,-4.982233529788321341e-05,-4.993741558100264815e-05,-4.939429130099074318e-05,-5.056705680892771191e-05,4.501199739719023338e-04,-5.014226140979496270e-05,-4.996807460236794368e-05,-4.999387417102816770e-05,-4.989078077299810576e-05
-5.058729677252821216e-05,-5.000363201713230963e-05,-5.011913106178992602e-05,-4.957403042620472456e-05,-5.075106346872457506e-05,4.517578994949844151e-04,-5.032472229676327483e-05,-5.014990164717467814e-05,-5.017579509696522277e-05,-5.007232655604565696e-05
-5.087105892517474528e-05,-5.028412018642277318e-05,-5.040026710633128048e-05,-4.985210880726418644e-05,-5.103574424705936181e-05,4.542919703447814185e-04,-5.060701157571742027e-05,-5.043121029488159817e-05,-5.045724899024823438e-05,-5.035320005745523174e-05
-5.026019460578694627e-05,-4.968030388099795968e-05,-4.979505609808789927e-05,-4.925348013392322454e-05,-5.042290237129040767e-05,4.488367908908030813e-04,-4.999931796100970133e-05,-4.982562771800496727e-05,-4.985135373834029699e-05,-4.974855423463202361e-05
-5.050733646846324889e-05,-4.992459427692026795e-05,-5.003991075916913793e-05,-4.949567173144688731e-05,-5.067084430847060522e-05,4.510438328945598919e-04,-5.024517702841496203e-05,-5.007063270733612875e-05,-5.009648522890445659e-05,-4.999318023449834025e-05
-5.024018552463765838e-05,-4.966052566008264361e-05,-4.977523219317979387e-05,-4.923387183576395692e-05,-5.040282851457014501e-05,4.486581045198185808e-04,-4.997941273743334580e-05,-4.980579164223254278e-05,-4.983150742078468871e-05,-4.972874884257576678e-05
-5.030442673575274374e-05,-4.972402567067833154e-05,-4.983887887693177506e-05,-4.929682629187925592e-05,-5.046727769431646527e-05,4.492317954751708911e-04,-5.004332050313133360e-05,-4.986947740179587690e-05,-4.989522606264603575e-05,-4.979233608891329863e-05
-5.051826076608857913e-05,-4.993539253247496451e-05,-5.005073395667656672e-05,-4.950637721478337903e-05,-5.068180397142048235e-05,4.511413897530239725e-04,-5.025604462323218720e-05,-5.008146254973389755e-05,-5.010732066297792777e-05,-5.000399332459948341e-05
-5.039023311655701332e-05,-4.980884203692356694e-05,-4.992389115313167154e-05,-4.938091396613878569e-05,-5.055336185686447510e-05,4.499980690824587851e-04,-5.012868150402968747e-05,-4.995454187118926611e-05,-4.998033445261547690e-05,-4.987726897511801367e-05
-5.035856161802970503e-05,-4.977753595696245332e-05,-4.989251276197667352e-05,-4.934987684947542532e-05,-5.052158782791922056e-05,4.497152342489965020e-04,-5.009717439711171321e-05,-4.992314421530551948e-05,-4.994892058546111633e-05,-4.984591988714642379e-05
-5.014119875124882324e-05,-4.956268097363245424e-05,-4.967716150379023257e-05,-4.913686777291024279e-05,-5.030352129043801041e-05,4.477741265311512378e-04,-4.988093975706767933e-05,-4.970766074245107916e-05,-4.973332585395414367e-05,-4.963076973797727346e-05
-5.037570236936742419e-05,-4.979447894220048585e-05,-4.990949488234383726e-05,-4.936667427061987605e-05,-5.053878406916011910e-05,4.498683056783781410e-04,-5.011422617900342514e-05,-4.994013676182675038e-05,-4.996592190559172937e-05,-4.986288614850469789e-05
-5.053397478054945645e-05,-4.995092524220201530e-05,-5.006630254406001343e-05,-4.952177647666834514e-05,-5.069756885699699532e-05,4.512817200458699250e-04,-5.027167707375590098e-05,-5.009704069543442019e-05,-5.012290685200294753e-05,-5.001954737302307069e-05
-5.091424019876068964e-05,-5.032680324426821062e-05,-5.044304875406335227e-05,-4.989442515755574092e-05,-5.107906531175838532e-05,4.546775905045929338e-04,-5.064996871595340303e-05,-5.047401820835927059e-05,-5.050007900635270348e-05,-5.039594175290086994e-05
-5.036409769229572122e-05,-4.978300815725503729e-05,-4.989799760203007074e-05,-4.935530203586094609e-05,-5.052714182416788739e-05,4.497646728520054613e-04,-5.010268173626064006e-05,-4.992863242277068063e-05,-4.995441162660349261e-05,-4.985139960509895745e-05
-5.114846071093043684e-05,-5.055832137329598254e-05,-5.067510164670038000e-05,-5.012395421993807196e-05,-5.131404406803132548e-05,4.567692414410892254e-04,-5.088297350140629633e-05,-5.070621356961453380e-05,-5.073239425496034515e-05,-5.062777793944742708e-05
-5.050999178259049557e-05,-4.992721895463436270e-05,-5.004254149939842117e-05,-4.949827385948379579e-05,-5.067350821866970428e-05,4.510675455499040085e-04,-5.024781856007539592e-05,-5.007326506270554897e-05,-5.009911894341441266e-05,-4.999580851797114556e-05
-5.018609686674207533e-05,-4.960706106484769192e-05,-4.972164410472300870e-05,-4.918086657666231648e-05,-5.034856475499301489e-05,4.481750785418810992e-04,-4.992560482790304641e-05,-4.975217065342807567e-05,-4.977785874633528694e-05,-4.967521079816244865e-05
-5.015212172816358376e-05,-4.957347792371867470e-05,-4.968798339281300258e-05,-4.914757196199703360e-05,-5.031447962840060104e-05,4.478716715953404517e-04,-4.989180603803134432e-05,-4.971848927556063951e-05,-4.974415997806320305e-05,-4.964158152081603315e-05
-5.073972751769558549e-05,-5.015430405093731511e-05,-5.027015111983366557e-05,-4.972340797513244849e-05,-5.090398767927033723e-05,4.531191462445620702e-04,-5.047636184679725192e-05,-5.030101442381697719e-05,-5.032698589631479465e-05,-5.022320558173255594e-05
-5.044969763692613764e-05,-4.986762046913835065e-05,-4.998280535254095270e-05,-4.943918740887144034e-05,-5.061301888224496135e-05,4.505291029298173614e-04,-5.018783737249581204e-05,-5.001349224090683224e-05,-5.003931525965002328e-05,-4.993612815661391296e-05
-5.031291944169517897e-05,-4.973242038970618432e-05,-4.984729298619164226e-05,-4.930514888845325268e-05,-5.047579789376970509e-05,4.493076375787213449e-04,-5.005176912749697399e-05,-4.987789667688885775e-05,-4.990364968478794863e-05,-4.980074234053046093e-05
-5.077968721937642621e-05,-5.019380270663701863e-05,-5.030974101004747359e-05,-4.976256728177074791e-05,-5.094407674284335468e-05,4.534759969177136951e-04,-5.051611413676496934e-05,-5.034062862020071598e-05,-5.036662054634226279e-05,-5.026275850033026739e-05
-5.040168392350513740e-05,-4.982016072704920399e-05,-4.993523598731796628e-05,-4.939213541277572320e-05,-5.056484973361228944e-05,4.501003278079793190e-04,-5.014007287530844659e-05,-4.996589367052453167e-05,-4.999169211312408519e-05,-4.988860321475921720e-05
-5.037213178556179763e-05,-4.979094955497057821e-05,-4.990595734289108887e-05,-4.936317520578719010e-05,-5.053520192627542021e-05,4.498364194233973336e-04,-5.011067412838684045e-05,-4.993659705050609865e-05,-4.996238036664407255e-05,-4.985935191263564733e-05
-5.032111357158234981e-05,-4.974051997758137291e-05,-4.985541128260107116e-05,-4.931317888946649990e-05,-5.048401855058490289e-05,4.493808133193643141e-04,-5.005992072557286746e-05,-4.988601995751743977e-05,-4.991177715963730701e-05,-4.980885305554645713e-05
-5.039901363144109217e-05,-4.981752124421878850e-05,-4.993259040777363068e-05,-4.938951860682545001e-05,-5.056217079698577493e-05,4.500764813957522457e-04,-5.013741644345836261e-05,-4.996324646672904745e-05,-4.998904354252114301e-05,-4.988596010582996374e-05
-5.063122842663406371e-05,-5.004705679777954357e-05,-5.016265614556440734e-05,-4.961708212685660808e-05,-5.079513734315627474e-05,4.521502207507164389e-04,-5.036842592265354036e-05,-5.019345345312639195e-05,-5.021936938963098582e-05,-5.011581099326493162e-05
-5.052221621288449177e-05,-4.993930234221830917e-05,-5.005465279735062518e-05,-4.951025343375365696e-05,-5.068577222322007510e-05,4.511767129359198453e-04,-5.025997953919246231e-05,-5.008538379637612838e-05,-5.011124393424254458e-05,-5.000790850560476211e-05
-5.039292040689854574e-05,-4.981149832191186658e-05,-4.992655357364321299e-05,-4.938354742989472081e-05,-5.055605784679639234e-05,4.500220672937995563e-04,-5.013135484592855180e-05,-4.995720592629132145e-05,-4.998299988322555678e-05,-4.987992890928749705e-05
-5.043980356714980814e-05,-4.985784055489311166e-05,-4.997300284852193250e-05,-4.942949151785585947e-05,-5.060309278231090379e-05,4.504407462776894699e-04,-5.017799465810534167e-05,-5.000368371865135218e-05,-5.002950167304811972e-05,-4.992633480681084546e-05
-5.008416656802424939e-05,-4.950630681479469073e-05,-4.962065713118276385e-05,-4.908097794745202040e-05,-5.024630447643211055e-05,4.472648140958282990e-04,-4.982420360064068315e-05,-4.965112167904654793e-05,-4.967675759824142118e-05,-4.957431813282906397e-05
-5.076719936758419929e-05,-5.018145893685612823e-05,-5.029736872846336750e-05,-4.975032956235633726e-05,-5.093154846401694384e-05,4.533644771082734532e-04,-5.050369110344646453e-05,-5.032824874266741066e-05,-5.035423427681716321e-05,-5.025039777278853854e-05
-5.044339205043820687e-05,-4.986138763508054454e-05,-4.997655812180065135e-05,-4.943300812363495618e-05,-5.060669288262599263e-05,4.504727923797462283e-04,-5.018156451529473197e-05,-5.000724117468589852e-05,-5.003306096587187746e-05,-4.992988675994444790e-05
-5.032418420714667568e-05,-4.974355518484131137e-05,-4.985845350062405990e-05,-4.931618802001761902e-05,-5.048709912674671400e-05,4.494082349046259607e-04,-5.006297542293228843e-05,-4.988906404330724755e-05,-4.991482281715302528e-05,-4.981189243254768260e-05
-5.016204292206821475e-05,-4.958328464913935196e-05,-4.969781276993641829e-05,-4.915729443384169145e-05,-5.032443294027238561e-05,4.479602704730813916e-04,-4.990167573576134800e-05,-4.972832468741928032e-05,-4.975400046815196408e-05,-4.965140171862758367e-05
-5.001853186866097852e-05,-4.944142939371595378e-05,-4.955562985538419373e-05,-4.901665791475884570e-05,-5.018045729728202266e-05,4.466786789230382262e-04,-4.975890957963215411e-05,-4.958605447982294506e-05,-4.961165680345280837e-05,-4.950935158373273863e-05
-5.039874856516159254e-05,-4.981725923621403235e-05,-4.993232779457932425e-05,-4.938925884983838479e-05,-5.056190487260486393e-05,4.500741142839803513e-04,-5.013715275301126726e-05,-4.996298369230364582e-05,-4.998878063241976572e-05,-4.988569773788094868e-05
-5.096870429124548540e-05,-5.038063894241448211e-05,-5.049700880260957561e-05,-4.994779833127319411e-05,-5.113370572132203812e-05,4.551639692124323359e-04,-5.070415011137198956e-05,-5.052801138561760882e-05,-5.055410006142463825e-05,-5.044985141004320049e-05
-5.020130192287754385e-05,-4.962209068850187437e-05,-4.973670844399744186e-05,-4.919576707469700710e-05,-5.036381903458693612e-05,4.483108637027039163e-04,-4.994073096186381122e-05,-4.976724424143663873e-05,-4.979294011715427722e-05,-4.969026106937724413e-05
-5.070517952225624901e-05,-5.012015466242533088e-05,-5.023592285261796887e-05,-4.968955197793566733e-05,-5.086932784130676551e-05,4.528106235351147049e-04,-5.044199317348420272e-05,-5.026676514219467567e-05,-5.029271893106782086e-05,-5.018900927909936328e-05
-5.062736258149360557e-05,-5.004323555588072457e-05,-5.015882607731149168e-05,-4.961329371480302248e-05,-5.079125898308246563e-05,4.521156977341943728e-04,-5.036458014326602192e-05,-5.018962103340743563e-05,-5.021553499115317081e-05,-5.011198450177875384e-05
-5.063490416172411202e-05,-5.005069012306887047e-05,-5.016629786315671363e-05,-4.962068423676471653e-05,-5.079882497773639013e-05,4.521830460343286289e-04,-5.037208257875844535e-05,-5.019709740654736726e-05,-5.022301522450194013e-05,-5.011944930998414892e-05
-5.012671003407887616e-05,-4.954835942399708960e-05,-4.966280687405133114e-05,-4.912266926554892691e-05,-5.028898566881717257e-05,4.476447384662349109e-04,-4.986652624390372550e-05,-4.969329729970291574e-05,-4.971895499505806393e-05,-4.961642851352584507e-05
-4.986421411713555036e-05,-4.928889212540056455e-05,-4.940274025448766418e-05,-4.886543115630824090e-05,-5.002563997155712186e-05,4.453005807091098495e-04,-4.960539281778642684e-05,-4.943307101252427668e-05,-4.945859434757005421e-05,-4.935660476109351839e-05
-5.026426997764189836e-05,-4.968433223213009292e-05,-4.979909375395962174e-05,-4.925747387584333646e-05,-5.042699093638407725e-05,4.488731850360887969e-04,-5.000337217955439629e-05,-4.982966785279143438e-05,-4.985539595913368198e-05,-4.975258811987742460e-05
-5.004647465035652327e-05,-4.946904977793021478e-05,-4.958331403752482171e-05,-4.904404100098730721e-05,-5.020849053838923688e-05,4.469282153319251161e-04,-4.978670732370316961e-05,-4.961375565863696956e-05,-4.963937228496869834e-05,-4.953700991258236879e-05
-5.056022303275134249e-05,-4.997687064802477599e-05,-5.009230787892105495e-05,-4.954749897493146714e-05,-5.072390208289396743e-05,4.515161238595708252e-04,-5.029778908382820265e-05,-5.012306199624215252e-05,-5.014894158815594375e-05,-5.004552842241037441e-05
-5.015366765310718360e-05,-4.957500601213170929e-05,-4.968951501082452565e-05,-4.914908692198000989e-05,-5.031603055798025649e-05,4.478854771127431110e-04,-4.989334393881788784e-05,-4.972002183390730686e-05,-4.974569332770197819e-05,-4.964311170850306266e-05
-5.030617707851860572e-05,-4.972575581838052070e-05,-4.984061302095297343e-05,-4.929854157517281127e-05,-5.046903370348387256e-05,4.492474264975971710e-04,-5.004506176070191910e-05,-4.987121261049318676e-05,-4.989696216726838306e-05,-4.979406861347749388e-05
-5.029743139917646221e-05,-4.971711104470134606e-05,-4.983194827946253340e-05,-4.928997107226801560e-05,-5.046025971167828492e-05,4.491693252748729225e-04,-5.003636147599995051e-05,-4.986254254929432784e-05,-4.988828762953449606e-05,-4.978541196368634796e-05
-5.058653405074281035e-05,-5.000287809545594610e-05,-5.011837539869575474e-05,-4.957328298177546478e-05,-5.075029827777384559e-05,4.517510881883051474e-04,-5.032396353390119077e-05,-5.014914552014209634e-05,-5.017503857952841320e-05,-5.007157159863871010e-05
-5.001836941044982888e-05,-4.944126880991166353e-05,-4.955546890066116043e-05,-4.901649871059613465e-05,-5.018029431314322361e-05,4.466772281283776583e-04,-4.975874796466430599e-05,-4.958589342628188363e-05,-4.961149566675636765e-05,-4.950919077931976081e-05
-5.047635624377780648e-05,-4.989397149503250995e-05,-5.000921724437985616e-05,-4.946531204235886581e-05,-5.063976379123627275e-05,4.507671713187509361e-04,-5.021435760726330436e-05,-5.003992034829761329e-05,-5.006575701242886004e-05,-4.996251538330975339e-05
-5.002086823046763598e-05,-4.944373879911096006e-05,-4.955794459507387861e-05,-4.901894747911113667e-05,-5.018280122261282794e-05,4.466995432500628816e-04,-4.976123381450191251e-05,-4.958837064064446467e-05,-4.961397416015685943e-05,-4.951166416176795536e-05
-5.023933350529912644e-05,-4.965968347115396072e-05,-4.977438805895129375e-05,-4.923303688242667252e-05,-5.040197373698085230e-05,4.486504957624722349e-04,-4.997856514052172286e-05,-4.980494698974855341e-05,-4.983066233218865604e-05,-4.972790549665506054e-05
-5.072172042817255338e-05,-5.013650472312186054e-05,-5.025231067889885945e-05,-4.970576156859474643e-05,-5.088592229524159435e-05,4.529583381867064449e-04,-5.045844822346510887e-05,-5.028316302976344222e-05,-5.030912528521106804e-05,-5.020538180136180503e-05
-5.012231793531513171e-05,-4.954401800026140916e-05,-4.965845542244042590e-05,-4.911836514074653659e-05,-5.028457935147707925e-05,4.476055158660445510e-04,-4.986215694242008341e-05,-4.968894317652366744e-05,-4.971459862375385741e-05,-4.961208112558269744e-05
-5.025744160857485953e-05,-4.967758264723258385e-05,-4.979232857878322790e-05,-4.925078227937889995e-05,-5.042014046177953839e-05,4.488122058996944145e-04,-4.999657925328533241e-05,-4.982289852414337265e-05,-4.984862313533892973e-05,-4.974582926246149349e-05
-5.082838499322564230e-05,-5.024193861662528261e-05,-5.035798810499007448e-05,-4.981028963653508500e-05,-5.099293216641758483e-05,4.539108808795902679e-04,-5.056455914375211110e-05,-5.038890533639379021e-05,-5.041492218881970123e-05,-5.031096053899686347e-05
-5.036091221527935996e-05,-4.977985943355335536e-05,-4.989484160536442623e-05,-4.935218036413094306e-05,-5.052394603477806663e-05,4.497362257022722524e-04,-5.009951279353428176e-05,-4.992547448848416887e-05,-4.995125206180889472e-05,-4.984824655570863061e-05
-5.063512699354135306e-05,-5.005091038390704412e-05,-5.016651863275548956e-05,-4.962090260525508692e-05,-5.079904853092788545e-05,4.521850359812357536e-04,-5.037230425396400793e-05,-5.019731831168719666e-05,-5.022323624369957380e-05,-5.011966987341421779e-05
-5.040698160122576309e-05,-4.982539728138151005e-05,-4.994048463710902151e-05,-4.939732697774598067e-05,-5.057016456154665262e-05,4.501476374670731855e-04,-5.014534305532346238e-05,-4.997114554271753288e-05,-4.999694669696855997e-05,-4.989384696302082020e-05
-5.024292385878042274e-05,-4.966323239995120727e-05,-4.977794518511079001e-05,-4.923655532092959517e-05,-5.040557571354473127e-05,4.486825585658182165e-04,-4.998213685819437042e-05,-4.980850629980174057e-05,-4.983422347998854742e-05,-4.973145930093868781e-05
-5.039702176326744292e-05,-4.981555235776207157e-05,-4.993061697355840879e-05,-4.938756663587051503e-05,-5.056017248052174448e-05,4.500586934876847915e-04,-5.013543491411741538e-05,-4.996127182092638847e-05,-4.998706787716756492e-05,-4.988398851453551634e-05
-5.016381933804706236e-05,-4.958504056923391292e-05,-4.969957274587816296e-05,-4.915903526811102423e-05,-5.032621510705802606e-05,4.479761343362059453e-04,-4.990344293121415343e-05,-4.973008574389629698e-05,-4.975576243389949661e-05,-4.965316005098930122e-05
-5.005042662422978252e-05,-4.947295615482684016e-05,-4.958722943742170988e-05,-4.904791381660832746e-05,-5.021245530602148861e-05,4.469635075007359170e-04,-4.979063878476984694e-05,-4.961767346238923855e-05,-4.964329211156544470e-05,-4.954092165602418118e-05
-5.040656892997361923e-05,-4.982498937142696425e-05,-4.994007578496064976e-05,-4.939692257230509005e-05,-5.056975055435306016e-05,4.501439522039237450e-04,-5.014493252604613490e-05,-4.997073643955534500e-05,-4.999653738257821528e-05,-4.989343849268440789e-05
-5.030002209982995778e-05,-4.971967185444093311e-05,-4.983451500419351074e-05,-4.929250988104887636e-05,-5.046285879922882622e-05,4.491924609148762577e-04,-5.003893872956594063e-05,-4.986511084986299143e-05,-4.989085725617069776e-05,-4.978797629144295555e-05
-5.001251181388858131e-05,-4.943547879696998419e-05,-4.954966551387187204e-05,-4.901075844201578180e-05,-5.017441775373390636e-05,4.466249182464633615e-04,-4.975292077208637163e-05,-4.958008647650970582e-05,-4.960568571873383309e-05,-4.950339281211060810e-05
-4.989423398494646994e-05,-4.931856563078248476e-05,-4.943248230012198328e-05,-4.889484972450383658e-05,-5.005575702294846554e-05,4.455686660447260184e-04,-4.963525686681202233e-05,-4.946283131825499296e-05,-4.948837001917319721e-05,-4.938631903167009138e-05
-5.051824162959227715e-05,-4.993537361676430545e-05,-5.005071499727550100e-05,-4.950635846158023962e-05,-5.068178477297542966e-05,4.511412188590312763e-04,-5.025602558606116413e-05,-5.008144357869311514e-05,-5.010730168214230031e-05,-5.000397438290341207e-05
-5.011943878964380595e-05,-4.954117207353176636e-05,-4.965560292214952804e-05,-4.911554366454257045e-05,-5.028169088511896654e-05,4.475798043360437652e-04,-4.985929274102307774e-05,-4.968608892494273183e-05,-4.971174289846222840e-05,-4.960923128914313717e-05
-5.077885872132330465e-05,-5.019298376761136259e-05,-5.030892017942476332e-05,-4.976175537858771707e-05,-5.094324556268488150e-05,4.534685982116526881e-04,-5.051528993905139866e-05,-5.033980728562968899e-05,-5.036579878769868843e-05,-5.026193843625298749e-05
-5.057309725157230608e-05,-4.998959632702210993e-05,-5.010506295185994754e-05,-4.956011532242659580e-05,-5.073681797953763663e-05,4.516310940284738902e-04,-5.031059647873017547e-05,-5.013582490014442124e-05,-5.016171108181445966e-05,-5.005827158383163023e-05
-5.042477721651603020e-05,-4.984298757489219966e-05,-4.995811556091161413e-05,-4.941476614586785582e-05,-5.058801778673920134e-05,4.503065570041949730e-04,-5.016304630207828815e-05,-4.998878729100676401e-05,-5.001459755406405678e-05,-4.991146142191900143e-05
-5.043205521237682640e-05,-4.985018159888688710e-05,-4.996532620175736484e-05,-4.942189836306860748e-05,-5.059531934371957172e-05,4.503715514263993084e-04,-5.017028652134126901e-05,-4.999600235881756876e-05,-5.002181634716627883e-05,-4.991866532899908712e-05
-5.043260320752449894e-05,-4.985072327139574957e-05,-4.996586912542751803e-05,-4.942243538185166028e-05,-5.059586911289529871e-05,4.503764451675960900e-04,-5.017083167211030539e-05,-4.999654561581485818e-05,-5.002235988465837289e-05,-4.991920774565217743e-05
-5.060005144323522739e-05,-5.001623952734572215e-05,-5.013176769299491317e-05,-4.958652962016017626e-05,-5.076385943023698020e-05,4.518718020677607973e-04,-5.033741076407339274e-05,-5.016254603662529001e-05,-5.018844601498008391e-05,-5.008495138634249983e-05
-5.031436657231542326e-05,-4.973385082365551371e-05,-4.984872672417726291e-05,-4.930656703295685554e-05,-5.047724970920025546e-05,4.493205608367308035e-04,-5.005320874675118418e-05,-4.987933129511665340e-05,-4.990508504373960565e-05,-4.980217473959777294e-05
-5.060559411815535567e-05,-5.002171825213315838e-05,-5.013725907261399977e-05,-4.959196127498418668e-05,-5.076942004850880120e-05,4.519212996163399698e-04,-5.034292466961448430e-05,-5.016804078767121900e-05,-5.019394360308192048e-05,-5.009043763775345267e-05
-5.045653691033801349e-05,-4.987438083256706450e-05,-4.998958133114531619e-05,-4.944588969126305659e-05,-5.061988029649556694e-05,4.505901794448781807e-04,-5.019464114650967036e-05,-5.002027237961569403e-05,-5.004609889908712291e-05,-4.994289780736872297e-05
-5.044427596600497827e-05,-4.986226135223709795e-05,-4.997743385707913464e-05,-4.943387433433634891e-05,-5.060757965969828442e-05,4.504806859788770650e-04,-5.018244384288155082e-05,-5.000811744762072026e-05,-5.003393769124454360e-05,-4.993076167740492278e-05
-5.037075010918828520e-05,-4.978958382007669492e-05,-4.990458845340267293e-05,-4.936182120448671278e-05,-5.053381577698577714e-05,4.498240806890960110e-04,-5.010929962363991542e-05,-4.993522732058888194e-05,-4.996100992950598679e-05,-4.985798430150618086e-05
-5.017708445481094677e-05,-4.959815263608486453e-05,-4.971271509915391765e-05,-4.917203468384599452e-05,-5.033952316710122766e-05,4.480945953268277750e-04,-4.991663919509582053e-05,-4.974323616590563306e-05,-4.976891964574872257e-05,-4.966629013108005126e-05
-5.066508087558144983e-05,-5.008051866484538814e-05,-5.019619530329026908e-05,-4.965025650937569145e-05,-5.082909938293257203e-05,4.524525320465185474e-04,-5.040210265971863313e-05,-5.022701320218147999e-05,-5.025294646629107546e-05,-5.014931882994262132e-05
-5.030130758005566172e-05,-4.972094250308690640e-05,-4.983578858780048765e-05,-4.929376961303390286e-05,-5.046414844095099497e-05,4.492039405922641391e-04,-5.004021753747807079e-05,-4.986638521538524523e-05,-4.989213227967471118e-05,-4.978924868569465723e-05
-5.051871770511340482e-05,-4.993584419944469276e-05,-5.005118666691183268e-05,-4.950682500130072425e-05,-5.068226238969692507e-05,4.511454703390268043e-04,-5.025649919050664735e-05,-5.008191553790992663e-05,-5.010777388504112593e-05,-5.000444561206478960e-05
-5.045824810970014039e-05,-4.987607228851007258e-05,-4.999127669403326192e-05,-4.944756661522639368e-05,-5.062159703553515490e-05,4.506054609064714901e-04,-5.019634346385886748e-05,-5.002196878336924175e-05,-5.004779617872914371e-05,-4.994459158701735783e-05
-5.051651065742089229e-05,-4.993366261615438031e-05,-5.004900004457451396e-05,-4.950466216087214628e-05,-5.068004819711355953e-05,4.511257608210779879e-04,-5.025430359853760317e-05,-5.007972757309893608e-05,-5.010558479053843793e-05,-5.000226103173661078e-05
-5.001697553153850134e-05,-4.943989101325335796e-05,-4.955408792155119752e-05,-4.901513275114655288e-05,-5.017889592181720286e-05,4.466647804221122878e-04,-4.975736132070952914e-05,-4.958451159932162055e-05,-4.961011312633001417e-05,-4.950781108985750104e-05
-5.024699247502234484e-05,-4.966725407342174978e-05,-4.978197614789544212e-05,-4.924054244256354646e-05,-5.040965750115344873e-05,4.487188923817317918e-04,-4.998618435619423618e-05,-4.981253973739157063e-05,-4.983825900012709700e-05,-4.973548649934800639e-05
-5.055703467897664719e-05,-4.997371908074625251e-05,-5.008914903211240336e-05,-4.954437448404771984e-05,-5.072070340743570080e-05,4.514876510195774215e-04,-5.029461727927092102e-05,-5.011990121006331414e-05,-5.014577916999696407e-05,-5.004237252553789625e-05
-5.075720820140936212e-05,-5.017158304648665828e-05,-5.028747002663359628e-05,-4.974053851978512216e-05,-5.092152495335392133e-05,4.532752533596922750e-04,-5.049375179663759744e-05,-5.031834396354073670e-05,-5.034432438364471249e-05,-5.024050831501033647e-05
-5.036095093545936278e-05,-4.977989770698697887e-05,-4.989487996720287167e-05,-4.935221830874062340e-05,-5.052398488030775126e-05,4.497365714836813462e-04,-5.009955131273557201e-05,-4.992551287387491429e-05,-4.995129046701890328e-05,-4.984828488172214959e-05
-5.028685146627790933e-05,-4.970665318067407352e-05,-4.982146625972278962e-05,-4.927960305601854072e-05,-5.044964552826934520e-05,4.490748436842409495e-04,-5.002583645847808022e-05,-4.985205409412982018e-05,-4.987779375895959940e-05,-4.977493973273910890e-05
-4.996404866487975471e-05,-4.938757480477032319e-05,-4.950165087240532855e-05,-4.896326601253713076e-05,-5.012579771455412679e-05,4.461921295462765243e-04,-4.970470917211259200e-05,-4.953204235650744068e-05,-4.955761679254165597e-05,-4.945542300983959933e-05
-5.021371422503726210e-05,-4.963435978033495211e-05,-4.974900587513960911e-05,-4.920793075775972241e-05,-5.037627151920044070e-05,4.484217088340520098e-04,-4.995307883769644291e-05,-4.977954922257312711e-05,-4.980525145161152816e-05,-4.970254701637806218e-05
-5.051509946796189579e-05,-4.993226770868887138e-05,-5.004760191513154454e-05,-4.950327923763245068e-05,-5.067863243919589421e-05,4.511131585271335341e-04,-5.025289973389285763e-05,-5.007832858527543421e-05,-5.010418508038765452e-05,-5.000086420795865622e-05
-5.012516858293523502e-05,-4.954683575776232935e-05,-4.966127968843327264e-05,-4.912115868974857667e-05,-5.028743922752168500e-05,4.476309729010254979e-04,-4.986499279369397059e-05,-4.969176917647118239e-05,-4.971742608282434238e-05,-4.961490275409271493e-05
-5.052097354150305295e-05,-4.993807400850197906e-05,-5.005342162641205733e-05,-4.950903565315645574e-05,-5.068452552892644493e-05,4.511656155528202036e-04,-5.025874331792621859e-05,-5.008415186956128261e-05,-5.011001137135774640e-05,-5.000667848441410723e-05
-4.989662892335809940e-05,-4.932093293694709879e-05,-4.943485507431958579e-05,-4.889719669218259773e-05,-5.005815971451244961e-05,4.455900534763204256e-04,-4.963763937424731207e-05,-4.946520554921422059e-05,-4.949074547599742897e-05,-4.938868959001747601e-05
-5.065573352792641048e-05,-5.007127916477009921e-05,-5.018693446169604857e-05,-4.964109638961485796e-05,-5.081972177502679984e-05,4.523690577671233789e-04,-5.039280382967830393e-05,-5.021774667490361223e-05,-5.024367515450999688e-05,-5.014006663672510012e-05
-5.048208053535779019e-05,-4.989962974104122608e-05,-5.001488855987807334e-05,-4.947092167607383288e-05,-5.064550661411333166e-05,4.508182907520599260e-04,-5.022005218678498065e-05,-5.004559514569339426e-05,-5.007143473984168949e-05,-4.996818140256506128e-05
-5.020114909699790703e-05,-4.962193962588761355e-05,-4.973655703245775012e-05,-4.919561730991962493e-05,-5.036366571396417750e-05,4.483094989272744745e-04,-4.994057892922801551e-05,-4.976709273693825908e-05,-4.979278853443116484e-05,-4.969010979923510685e-05
-5.015135190709221302e-05,-4.957271698466652888e-05,-4.968722069613419265e-05,-4.914681756048130983e-05,-5.031370731518126281e-05,4.478647968901668303e-04,-4.989104021273240260e-05,-4.971772611062512989e-05,-4.974339641908964688e-05,-4.964081953639287644e-05
-4.995693574951790494e-05,-4.938054395662359826e-05,-4.949460378431119457e-05,-4.895629556928167268e-05,-5.011866177248626712e-05,4.461286093365119743e-04,-4.969763317649929804e-05,-4.952499094186073563e-05,-4.955056173710066053e-05,-4.944838250277574853e-05
-5.035496513782133980e-05,-4.977398097212313216e-05,-4.988894956578751903e-05,-4.934635240695757014e-05,-5.051797970479526048e-05,4.496831167323430138e-04,-5.009359658451119243e-05,-4.991957883149618992e-05,-4.994535336076924461e-05,-4.984236001850142857e-05
-5.046079087988280507e-05,-4.987858572078472555e-05,-4.999379593186720205e-05,-4.945005845357778934e-05,-5.062414803745055887e-05,4.506281685147063760e-04,-5.019887303573591778e-05,-5.002448956788661073e-05,-5.005031826478073081e-05,-4.994710847222290449e-05
-5.044900189331831764e-05,-4.986693275286198862e-05,-4.998211604776862721e-05,-4.943850560104567340e-05,-5.061232088630043038e-05,4.505228897559330689e-04,-5.018714524016027042e-05,-5.001280251293661915e-05,-5.003862517555876662e-05,-4.993543949555919028e-05
-5.050966751265653198e-05,-4.992689842605129683e-05,-5.004222023045464744e-05,-4.949795608469098130e-05,-5.067318289897444284e-05,4.510646497338751445e-04,-5.024749597327072203e-05,-5.007294359651915560e-05,-5.009879731124835574e-05,-4.999548754904905060e-05
-5.046681654770768520e-05,-4.988454186581616580e-05,-4.999976583448147703e-05,-4.945596342693515376e-05,-5.063019321222374177e-05,4.506819793172966125e-04,-5.020486742719730691e-05,-5.003046313571627438e-05,-5.005629491688942212e-05,-4.995307279975326687e-05
-5.062834200954881856e-05,-5.004420368351750507e-05,-5.015979644114211403e-05,-4.961425352486074203e-05,-5.079224158184855807e-05,4.521244442849992897e-04,-5.036555448757852940e-05,-5.019059199299185774e-05,-5.021650645206444431e-05,-5.011295395942052204e-05
-5.033047781450905632e-05,-4.974977617799335237e-05,-4.986468886310687227e-05,-4.932235556608376452e-05,-5.049341310845789562e-05,4.494644384779836904e-04,-5.006923636318904913e-05,-4.989530323398378982e-05,-4.992106522925487098e-05,-4.981812197204359301e-05
-5.028761048190604285e-05,-4.970740343894892538e-05,-4.982221825095467429e-05,-4.928034686851637497e-05,-5.045040700106627875e-05,4.490816218939330980e-04,-5.002659153441749634e-05,-4.985280654704604550e-05,-4.987854660038324079e-05,-4.977569102171239588e-05
-5.014387052086944382e-05,-4.956532191698011019e-05,-4.967980854722367739e-05,-4.913948602683599031e-05,-5.030620170940199818e-05,4.477979861383898550e-04,-4.988359765880886668e-05,-4.971030941103399508e-05,-4.973597589010044363e-05,-4.963341430942923646e-05
-5.036902995849708688e-05,-4.978788351608889244e-05,-4.990288422203143436e-05,-4.936013550850001870e-05,-5.053209005763724073e-05,4.498087192898030128e-04,-5.010758840142637781e-05,-4.993352204290694768e-05,-4.995930377135351068e-05,-4.985628166165668361e-05
-5.016991641467386231e-05,-4.959106729917522519e-05,-4.970561339643896770e-05,-4.916501021995927934e-05,-5.033233192180359890e-05,4.480305828382594581e-04,-4.990950836083145038e-05,-4.973613010310779105e-05,-4.976180991394080460e-05,-4.965919506039768446e-05
-5.031440788569046006e-05,-4.973389166036776710e-05,-4.984876765521438025e-05,-4.930660751882539911e-05,-5.047729115631899603e-05,4.493209297760719038e-04,-5.005324984568894771e-05,-4.987937225128325961e-05,-4.990512602105266722e-05,-4.980221563241094966e-05
-5.049677935801850237e-05,-4.991415897202108393e-05,-5.002945135066591960e-05,-4.948532608050690019e-05,-5.066025302140033981e-05,4.509495551144305191e-04,-5.023467471488398718e-05,-5.006016687729058286e-05,-5.008601399513057650e-05,-4.998273059367136631e-05
-5.018758594938913978e-05,-4.960853296680817513e-05,-4.972311940649970063e-05,-4.918232583292112095e-05,-5.035005865825706843e-05,4.481883764426391309e-04,-4.992708618143897720e-05,-4.975364686096407440e-05,-4.977933571606781851e-05,-4.967668472220724120e-05
-5.055908872310291535e-05,-4.997574942578178936e-05,-5.009118406686463381e-05,-4.954638738556447287e-05,-5.072276410113561512e-05,4.515059941752885830e-04,-5.029666066183803602e-05,-5.012193749422265041e-05,-5.014781650553246990e-05,-5.004440565984260138e-05
-5.017920061375775840e-05,-4.960024437927210768e-05,-4.971481167387653332e-05,-4.917410845601635793e-05,-5.034164617670715128e-05,4.481134931842549202e-04,-4.991874437007417733e-05,-4.974533402781786904e-05,-4.977101859083111286e-05,-4.966838474788494548e-05
-5.061388201605670632e-05,-5.002991052615581388e-05,-5.014547026925712450e-05,-4.960008316584579830e-05,-5.077773477689207307e-05,4.519953127301133016e-04,-5.035116954900293619e-05,-5.017625702556909734e-05,-5.020216408319603694e-05,-5.009864116624743494e-05
-5.010197279319211024e-05,-4.952390759578236283e-05,-4.963829856668371365e-05,-4.909842751295872583e-05,-5.026416834584575272e-05,4.474238283820216309e-04,-4.984191740220851396e-05,-4.966877394548706363e-05,-4.969441897891834105e-05,-4.959194309361019136e-05
-5.048746270754334134e-05,-4.990494981493959182e-05,-5.002022092215392153e-05,-4.947619604304424396e-05,-5.065090621005327766e-05,4.508663549689020532e-04,-5.022540642268507862e-05,-5.005093078176747393e-05,-5.007677313081722613e-05,-4.997350878513361625e-05
-5.020386214324219396e-05,-4.962462136962412769e-05,-4.973924497052022734e-05,-4.919827601370544768e-05,-5.036638754317542612e-05,4.483337271456743801e-04,-4.994327789334812991e-05,-4.976978232525712455e-05,-4.979547951144089617e-05,-4.969279522712647664e-05
-5.082463232564131726e-05,-5.023822924646792129e-05,-5.035427016688097905e-05,-4.980661213508891201e-05,-5.098916735028994615e-05,4.538773685685000927e-04,-5.056082595447117603e-05,-5.038518511566070804e-05,-5.041120004725838327e-05,-5.030724607294027466e-05
-5.052186603073152276e-05,-4.993895620039113300e-05,-5.005430585599981405e-05,-4.950991026577463826e-05,-5.068542090741835532e-05,4.511735857169702304e-04,-5.025963117466925988e-05,-5.008503664202087813e-05,-5.011089660064402994e-05,-5.000756188825065338e-05
-5.016030328791984432e-05,-4.958156508649269996e-05,-4.969608923542191486e-05,-4.915558964465705454e-05,-5.032268767439194177e-05,4.479447350813912975e-04,-4.989994513122113413e-05,-4.972660009474278922e-05,-4.975227498503208718e-05,-4.964967979366155293e-05
-5.048632085327818162e-05,-4.990382113512797138e-05,-5.001908963530327253e-05,-4.947507706017966524e-05,-5.064976065925392998e-05,4.508561579092031503e-04,-5.022427049523870129e-05,-5.004979880036461432e-05,-5.007564056494862248e-05,-4.997237855475207487e-05
-5.007778893340612071e-05,-4.950000276388808054e-05,-4.961433851909475754e-05,-4.907472805722439007e-05,-5.023990619543906589e-05,4.472078601369887363e-04,-4.981785906927971655e-05,-4.964479918765308186e-05,-4.967043184241213465e-05,-4.956800542147295999e-05
-5.028732210948100978e-05,-4.970711839370280420e-05,-4.982193254730665159e-05,-4.928006427221257496e-05,-5.045011769508973078e-05,4.490790466521516660e-04,-5.002630465879736091e-05,-4.985252066799040821e-05,-4.987826057372208357e-05,-4.977540558487329378e-05
-5.036603613842340196e-05,-4.978492423803295217e-05,-4.989991810859608398e-05,-4.935720165480906397e-05,-5.052908654564353266e-05,4.497819836870938122e-04,-5.010461012084196426e-05,-4.993055410842947377e-05,-4.995633430446896878e-05,-4.985331831817113688e-05
